{
  "detector": "sample_level_marginal_mahalanobis",
  "dataset": "ME_BERT_squad_random",
  "data_root": "data",
  "normal_source": "dataset",
  "global_normal_path": "data/global_normal/queries.jsonl",
  "normal_path": "data/ME_BERT_squad_random/normal/queries.jsonl",
  "attacker_path": "data/ME_BERT_squad_random/attacker/queries.jsonl",
  "text_field": "query",
  "embedding_model": "BAAI/bge-small-en-v1.5",
  "query_prefix": "",
  "normalize_embeddings": true,
  "threshold_percentile": 95.0,
  "threshold": 792.9317456226908,
  "normal_train_ratio": 0.7,
  "normal_calibration_ratio": 0.1,
  "maha_ridge": 1e-06,
  "normal_queries": 87599,
  "benign_fit_size": 61319,
  "benign_calibration_size": 8759,
  "heldout_benign_size": 17521,
  "attacker_queries": 17520,
  "embedding_dim": 384,
  "covariance_rank_estimate": 384,
  "min_covariance_variance": 1.0000732117987354e-06,
  "max_covariance_variance": 0.018070271238684654,
  "null_score_mean": 377.41515621953226,
  "null_score_std": 198.73655556996306,
  "null_score_min": 130.2790841435562,
  "null_score_max": 1819.5537858382168,
  "seed": 42,
  "metrics": {
    "samples": 35041,
    "tp": 1747,
    "fp": 916,
    "tn": 16605,
    "fn": 15773,
    "tpr": 0.09971461187214611,
    "fpr": 0.052280120997659954,
    "accuracy": 0.523729345623698,
    "precision": 0.6560270371761172,
    "auroc": 0.8513646865770208,
    "aupr_ood": 0.7443285093236909
  },
  "metrics_by_split": {
    "attacker": {
      "samples": 17520,
      "suspicious": 1747,
      "detection_rate": 0.09971461187214611,
      "mean_score": 588.7214297259814,
      "std_score": 159.6568647095881
    },
    "heldout_benign": {
      "samples": 17521,
      "suspicious": 916,
      "detection_rate": 0.052280120997659954,
      "mean_score": 382.2787482612897,
      "std_score": 203.36575144484254
    }
  }
}