{
  "detector": "sample_level_marginal_mahalanobis",
  "dataset": "ME_BERT_sst2_wiki",
  "data_root": "data",
  "normal_source": "dataset",
  "global_normal_path": "data/global_normal/queries.jsonl",
  "normal_path": "data/ME_BERT_sst2_wiki/normal/queries.jsonl",
  "attacker_path": "data/ME_BERT_sst2_wiki/attacker/queries.jsonl",
  "text_field": "query",
  "embedding_model": "BAAI/bge-small-en-v1.5",
  "query_prefix": "",
  "normalize_embeddings": true,
  "threshold_percentile": 95.0,
  "threshold": 637.3433014107101,
  "normal_train_ratio": 0.7,
  "normal_calibration_ratio": 0.1,
  "maha_ridge": 1e-06,
  "normal_queries": 67349,
  "benign_fit_size": 47144,
  "benign_calibration_size": 6734,
  "heldout_benign_size": 13471,
  "attacker_queries": 13470,
  "embedding_dim": 384,
  "covariance_rank_estimate": 384,
  "min_covariance_variance": 1.0001376722357236e-06,
  "max_covariance_variance": 0.03396816924214363,
  "null_score_mean": 387.6795645759283,
  "null_score_std": 125.99288937601226,
  "null_score_min": 141.47854394930607,
  "null_score_max": 1109.187193546081,
  "seed": 42,
  "metrics": {
    "samples": 26941,
    "tp": 9773,
    "fp": 632,
    "tn": 12839,
    "fn": 3697,
    "tpr": 0.7255382331106162,
    "fpr": 0.04691559646648356,
    "accuracy": 0.8393155413681749,
    "precision": 0.9392599711677079,
    "auroc": 0.9523040585905977,
    "aupr_ood": 0.9486010703289345
  },
  "metrics_by_split": {
    "attacker": {
      "samples": 13470,
      "suspicious": 9773,
      "detection_rate": 0.7255382331106162,
      "mean_score": 731.013370798217,
      "std_score": 151.27344912562884
    },
    "heldout_benign": {
      "samples": 13471,
      "suspicious": 632,
      "detection_rate": 0.04691559646648356,
      "mean_score": 386.66491561781936,
      "std_score": 123.64480794541528
    }
  }
}