{
  "detector": "sample_level_marginal_mahalanobis",
  "dataset": "ME_BERT_mnli_wiki",
  "data_root": "data",
  "normal_source": "dataset",
  "global_normal_path": "data/global_normal/queries.jsonl",
  "normal_path": "data/ME_BERT_mnli_wiki/normal/queries.jsonl",
  "attacker_path": "data/ME_BERT_mnli_wiki/attacker/queries.jsonl",
  "text_field": "query",
  "embedding_model": "BAAI/bge-small-en-v1.5",
  "query_prefix": "",
  "normalize_embeddings": true,
  "threshold_percentile": 95.0,
  "threshold": 604.0845814661722,
  "normal_train_ratio": 0.7,
  "normal_calibration_ratio": 0.1,
  "maha_ridge": 1e-06,
  "normal_queries": 392702,
  "benign_fit_size": 274891,
  "benign_calibration_size": 39270,
  "heldout_benign_size": 78541,
  "attacker_queries": 78540,
  "embedding_dim": 384,
  "covariance_rank_estimate": 384,
  "min_covariance_variance": 1.0000479733207612e-06,
  "max_covariance_variance": 0.026851721107959747,
  "null_score_mean": 381.5971535553433,
  "null_score_std": 118.66640199684198,
  "null_score_min": 121.44354558115299,
  "null_score_max": 1078.2237309327288,
  "seed": 42,
  "metrics": {
    "samples": 157081,
    "tp": 5286,
    "fp": 4016,
    "tn": 74525,
    "fn": 73254,
    "tpr": 0.06730328495034378,
    "fpr": 0.051132529506881755,
    "accuracy": 0.5080881838032607,
    "precision": 0.5682648892711245,
    "auroc": 0.5540710681061132,
    "aupr_ood": 0.541169215531863
  },
  "metrics_by_split": {
    "attacker": {
      "samples": 78540,
      "suspicious": 5286,
      "detection_rate": 0.06730328495034378,
      "mean_score": 404.5323947873386,
      "std_score": 121.04242635371463
    },
    "heldout_benign": {
      "samples": 78541,
      "suspicious": 4016,
      "detection_rate": 0.051132529506881755,
      "mean_score": 382.2601274156347,
      "std_score": 119.44573310854533
    }
  }
}